DROP TABLE IF EXISTS bug;
DROP TABLE IF EXISTS tester_device;
DROP TABLE IF EXISTS tester;
DROP TABLE IF EXISTS device;

CREATE TABLE TESTER
(
    id         INT AUTO_INCREMENT PRIMARY KEY,
    first_name VARCHAR(50) NOT NULL,
    last_name  VARCHAR(50) NOT NULL,
    country    VARCHAR(50) NOT NULL,
    last_login TIMESTAMP   NOT NULL,
);

CREATE TABLE DEVICE
(
    id          INT AUTO_INCREMENT PRIMARY KEY,
    description VARCHAR(50) NOT NULL,
);

CREATE TABLE TESTER_DEVICE
(
    tester_id INT,
    device_id INT,
);

CREATE TABLE BUG
(
    bug_id    INT,
    device_id INT,
    tester_id INT,
);

INSERT INTO TESTER
VALUES (1, 'User', 'Mark', 'US', CURRENT_DATE);
INSERT INTO TESTER
VALUES (2, 'User', 'John', 'US', CURRENT_DATE);
INSERT INTO TESTER
VALUES (3, 'User', 'Lee', 'JP', CURRENT_DATE);

INSERT INTO DEVICE
VALUES (1, 'iPhone 4');
INSERT INTO DEVICE
VALUES (2, 'iPhone 5');
INSERT INTO DEVICE
VALUES (3, 'iPhone 6');

-- tester Mark bugs on Iphone4 & 1 bug on Iphone5, All: 3
INSERT INTO BUG
VALUES (1, 1, 1);
INSERT INTO BUG
VALUES (2, 1, 1);
INSERT INTO BUG
VALUES (3, 2, 1);

-- tester John 2 bugs on Iphone5 & 3 bugs on Iphone6, All: 5
INSERT INTO BUG
VALUES (4, 2, 2);
INSERT INTO BUG
VALUES (5, 2, 2);
INSERT INTO BUG
VALUES (6, 3, 2);
INSERT INTO BUG
VALUES (7, 3, 2);
INSERT INTO BUG
VALUES (8, 3, 2);

-- tester Lee 2 bugs on Iphone4 & 3 bugs on Iphone5 & 1 bug on Iphone6, All: 6
INSERT INTO BUG
VALUES (9, 1, 3);
INSERT INTO BUG
VALUES (10, 1, 3);
INSERT INTO BUG
VALUES (11, 2, 3);
INSERT INTO BUG
VALUES (12, 2, 3);
INSERT INTO BUG
VALUES (13, 2, 3);
INSERT INTO BUG
VALUES (14, 3, 3);